{"cameraMode":{"drawMode":0,"name":"Shaded","section":"Shading Mode"},"sceneLighting":true,"audioPlay":false,"sceneViewState":{"m_AlwaysRefresh":false,"showFog":true,"showSkybox":true,"showFlares":true,"showImageEffects":true,"showParticleSystems":true,"showVisualEffectGraphs":true,"m_FxEnabled":false},"in2DMode":false,"pivot":{"x":-3.2182517051696779,"y":-0.15273714065551759,"z":2.00551700592041},"rotation":{"x":0.43835827708244326,"y":-0.020219970494508745,"z":0.00986486580222845,"w":0.8985127210617065},"size":10.497369766235352,"orthographic":true}