{"cameraMode":{"drawMode":0,"name":"Shaded","section":"Shading Mode"},"sceneLighting":true,"audioPlay":false,"sceneViewState":{"m_AlwaysRefresh":false,"showFog":true,"showSkybox":true,"showFlares":true,"showImageEffects":true,"showParticleSystems":true,"showVisualEffectGraphs":true,"m_FxEnabled":false},"in2DMode":false,"pivot":{"x":-3.2182517051696779,"y":-0.15273714065551759,"z":2.00551700592041},"rotation":{"x":0.23779700696468354,"y":0.13209781050682069,"z":-0.03266200050711632,"w":0.9617322087287903},"size":10.497369766235352,"orthographic":true}