{"cameraMode":{"drawMode":0,"name":"Shaded","section":"Shading Mode"},"sceneLighting":true,"audioPlay":false,"sceneViewState":{"m_AlwaysRefresh":false,"showFog":true,"showSkybox":true,"showFlares":true,"showImageEffects":true,"showParticleSystems":true,"showVisualEffectGraphs":true,"m_FxEnabled":false},"in2DMode":false,"pivot":{"x":-3.2182517051696779,"y":-0.15273714065551759,"z":2.00551700592041},"rotation":{"x":0.5058534741401672,"y":0.007763187400996685,"z":-0.004552644211798906,"w":0.862567126750946},"size":15.287047386169434,"orthographic":true}