{"cameraMode":{"drawMode":0,"name":"Shaded","section":"Shading Mode"},"sceneLighting":true,"audioPlay":false,"sceneViewState":{"m_AlwaysRefresh":false,"showFog":true,"showSkybox":true,"showFlares":true,"showImageEffects":true,"showParticleSystems":true,"showVisualEffectGraphs":true,"m_FxEnabled":false},"in2DMode":false,"pivot":{"x":1.9678272008895875,"y":2.442373752593994,"z":-1.4020648002624512},"rotation":{"x":0.5428481698036194,"y":-0.012596377171576023,"z":0.008143341168761254,"w":0.8396956324577332},"size":12.446747779846192,"orthographic":true}