{"cameraMode":{"drawMode":0,"name":"Shaded","section":"Shading Mode"},"sceneLighting":false,"audioPlay":false,"sceneViewState":{"m_AlwaysRefresh":false,"showFog":true,"showSkybox":false,"showFlares":true,"showImageEffects":true,"showParticleSystems":true,"showVisualEffectGraphs":true,"m_FxEnabled":false},"in2DMode":false,"pivot":{"x":0.8869571685791016,"y":2.506999969482422,"z":-0.6773166656494141},"rotation":{"x":0.3226177990436554,"y":0.005677655339241028,"z":-0.00193604186642915,"w":0.9465086460113525},"size":1.3788702487945557,"orthographic":true}